{"naziv":{"0":"Funghi XL","1":"Capricciosa S","2":"Vegetariana XL","3":"Coca cola 0,25l","4":"Coca cola 0,33l","5":"Coca cola zero 0,5l","6":"Tonic Water 0,33l","7":"Fanta 0,33l","8":"Fanta Tropical 0,5l","9":"Pepsi cola 0,33l","10":"Knjaz Milo\u0161 0,5l","11":"Rosa negazirana 0,5l","12":"Rosa gazirana 0,5l","13":"Prolom 0,5l","14":"Jelen 0,5l","15":"La\u0161ko 0,5l","16":"Moja kravica 0,2l","17":"Coca cola 1,5l","18":"Next jabuka 0,2l","19":"Sprite 0,33l","20":"Serbiana XL","21":"Vegetariana L","22":"Margarita XL","23":"Serbiana S","24":"Coca cola 0,5l","25":"Quatro Stagione S","26":"Marinara L","27":"Monty Python S","28":"Vesuvio XL","29":"Pepsi cola zero 0,5l","30":"Lav 0,5l","31":"Quatro Formaggi S","32":"Coca cola 2l","33":"Funghi L","34":"Monty Python XL","35":"Sprite 0,5l","36":"Quatro Formaggi XL","37":"Fanta 0,5l","38":"Pepsi cola 1l","39":"Coca cola 1l","40":"Nik\u0161i\u0107ko 0,5l","41":"Serbiana L","42":"Vesuvio S","43":"Margarita S","44":"Margarita L","45":"Pepperoni S","46":"Pepsi cola lime 0,5l","47":"Capricciosa XL","48":"Coca cola zero 0,33l","49":"Marinara S","50":"Bitter Lemon 0,33l","51":"Next \u0161umsko vo\u0107e 0,2l","52":"Quatro Stagione XL","53":"Pepsi cola 0,5l","54":"Fanta Shokata 0,5l","55":"Carbonara XL","56":"Next jagoda 0,2l","57":"Moja kravica 1l","58":"Bitter Lenom 0,5l","59":"Funghi S","60":"Pepsi cola zero 0,33l","61":"Quatro Formaggi L","62":"Next pomorand\u017ea 0,2l","63":"Next breskva 0,2l","64":"Aqua Viva 0,5l","65":"Vegetariana S","66":"Vesuvio L","67":"Carbonara L","68":"Pepperoni XL","69":"Carbonara S","70":"Pepperoni L","71":"Heineken 0,33l","72":"Pomorand\u017ea 0,2l","73":"\u0160argarepa 0,2l","74":"Sunset mix 0,3l","75":"Capricciosa L","76":"Tuna salata","77":"Panino sendvi\u010d","78":"Stella Arotois 0,5l","79":"Caprese sendvi\u010d","80":"Pala\u010dinke s eurokremom","81":"Mint mix 0,3l","82":"Tofu salata","83":"\u0160opska salata","84":"Slatko kisela salata","85":"Kinder bueno","86":"Heineken 0,5l","87":"Omlet sendvi\u010d","88":"Pala\u010dinke s d\u017eemom","89":"\u0160umadijski sendvi\u010d","90":"Tropical mix 0,3l","91":"Zaje\u010darsko 0,5l","92":"Tuborg 0,5l","93":"Bundevara","94":"Avokado salata","95":"Grejpfrut 0,2l","96":"Nocciolatta","97":"Cheese cake","98":"Pita od borovnice","99":"Lajm mix 0,2l","100":"Jelen 0,33l","101":"Tiramisu","102":"Amstel 0,5l","103":"Gr\u010dka salata","104":"Monty Python L","105":"Caprese salata","106":"Bolognese sendvi\u010d","107":"Ekskalibur sendvi\u010d","108":"Rukola salata","109":"Srpska salata","110":"Cezar salata","111":"Quatro Stagione L","112":"Coca cola zero 1,5l","113":"Knedle sa \u0161ljivama","114":"Pala\u010dinke s nutelom","115":"Everest sendvi\u010d","116":"Marinara XL"},"vrsta":{"0":"pica","1":"pica","2":"pica","3":"sok","4":"sok","5":"sok","6":"sok","7":"sok","8":"sok","9":"sok","10":"voda","11":"voda","12":"voda","13":"voda","14":"pivo","15":"pivo","16":"jogurt","17":"sok","18":"sok","19":"sok","20":"pica","21":"pica","22":"pica","23":"pica","24":"sok","25":"pica","26":"pica","27":"pica","28":"pica","29":"sok","30":"pivo","31":"pica","32":"sok","33":"pica","34":"pica","35":"sok","36":"pica","37":"sok","38":"sok","39":"sok","40":"pivo","41":"pica","42":"pica","43":"pica","44":"pica","45":"pica","46":"sok","47":"pica","48":"sok","49":"pica","50":"sok","51":"sok","52":"pica","53":"sok","54":"sok","55":"pica","56":"sok","57":"jogurt","58":"sok","59":"pica","60":"sok","61":"pica","62":"sok","63":"sok","64":"voda","65":"pica","66":"pica","67":"pica","68":"pica","69":"pica","70":"pica","71":"pivo","72":"ce\u0111eno vo\u0107e","73":"ce\u0111eno vo\u0107e","74":"ce\u0111eno vo\u0107e","75":"pica","76":"salata","77":"sendvi\u010d","78":"pivo","79":"sendvi\u010d","80":"desert","81":"ce\u0111eno vo\u0107e","82":"salata","83":"salata","84":"salata","85":"desert","86":"pivo","87":"sendvi\u010d","88":"desert","89":"sendvi\u010d","90":"ce\u0111eno vo\u0107e","91":"pivo","92":"pivo","93":"desert","94":"salata","95":"ce\u0111eno vo\u0107e","96":"desert","97":"desert","98":"desert","99":"ce\u0111eno vo\u0107e","100":"pivo","101":"desert","102":"pivo","103":"salata","104":"pica","105":"salata","106":"sendvi\u010d","107":"sendvi\u010d","108":"salata","109":"salata","110":"salata","111":"pica","112":"sok","113":"desert","114":"desert","115":"sendvi\u010d","116":"pica"},"sastav":{"0":"pelat, mocarela, \u0161ampinjoni, vrganj, masline","1":"pelat, mocarela, \u0161unka, masline","2":"pelat, mocarela, \u0161ampinjoni, masline, \u0161e\u0107erac, paprika, rukola","3":"pakovanje: limenka; sastav: na deklaraciji","4":"pakovanje: limenka; sastav: na deklaraciji","5":"pakovanje: plastika; sastav: na deklaraciji","6":"pakovanje: limenka; sastav: na deklaraciji","7":"pakovanje: limenka; sastav: na deklaraciji","8":"pakovanje: plastika; sastav: na deklaraciji","9":"pakovanje: limenka; sastav: na deklaraciji","10":"pakovanje: plastika; sastav: na deklaraciji","11":"pakovanje: plastika; sastav: na deklaraciji","12":"pakovanje: plastika; sastav: na deklaraciji","13":"pakovanje: plastika; sastav: na deklaraciji","14":"pakovanje: limenka; sastav: na deklaraciji","15":"pakovanje: limenka; sastav: na deklaraciji","16":"pakovanje: tetrapak; sastav: na deklaraciji","17":"pakovanje: plastika; sastav: na deklaraciji","18":"pakovanje: staklo; sastav: na deklaraciji","19":"pakovanje: limenka; sastav: na deklaraciji","20":"pelat, mocarela, pan\u010deta, kulen, \u0161ampinjoni, pavlaka, ljute papri\u010dice","21":"pelat, mocarela, \u0161ampinjoni, masline, \u0161e\u0107erac, paprika, rukola","22":"pelat, mocarela, masline","23":"pelat, mocarela, pan\u010deta, kulen, \u0161ampinjoni, pavlaka, ljute papri\u010dice","24":"pakovanje: plastika; sastav: na deklaraciji","25":"pelat, mocarela, \u0161unka, kulen, pr\u0161uta, pavlaka, \u0161ampinjoni, paradajz, rukola, jaje, masline","26":"pelat, in\u0107un, kapar, beli luk, bosiljak","27":"pelat, mocarela, \u0161unka, slanina, jaje, brokoli, beli luk, limun","28":"pelat, mocarela, \u0161unka, masline","29":"pakovanje: plastika; sastav: na deklaraciji","30":"pakovanje: limenka; sastav: na deklaraciji","31":"pelat, mocarela, gorgonzola, parmezan, dimljni sir, masline","32":"pakovanje: plastika; sastav: na deklaraciji","33":"pelat, mocarela, \u0161ampinjoni, vrganj, masline","34":"pelat, mocarela, \u0161unka, slanina, jaje, brokoli, beli luk, limun","35":"pakovanje: plastika; sastav: na deklaraciji","36":"pelat, mocarela, gorgonzola, parmezan, dimljni sir, masline","37":"pakovanje: plastika; sastav: na deklaraciji","38":"pakovanje: plastika; sastav: na deklaraciji","39":"pakovanje: plastika; sastav: na deklaraciji","40":"pakovanje: limenka; sastav: na deklaraciji","41":"pelat, mocarela, pan\u010deta, kulen, \u0161ampinjoni, pavlaka, ljute papri\u010dice","42":"pelat, mocarela, \u0161unka, masline","43":"pelat, mocarela, masline","44":"pelat, mocarela, masline","45":"pelat, mocarela, pepperoni, masline","46":"pakovanje: plastika; sastav: na deklaraciji","47":"pelat, mocarela, \u0161unka, masline","48":"pakovanje: limenka; sastav: na deklaraciji","49":"pelat, in\u0107un, kapar, beli luk, bosiljak","50":"pakovanje: limenka; sastav: na deklaraciji","51":"pakovanje: staklo; sastav: na deklaraciji","52":"pelat, mocarela, \u0161unka, kulen, pr\u0161uta, pavlaka, \u0161ampinjoni, paradajz, rukola, jaje, masline","53":"pakovanje: plastika; sastav: na deklaraciji","54":"pakovanje: plastika; sastav: na deklaraciji","55":"Carbonara sos, mocarela, \u0161ampinjoni, pan\u010deta","56":"pakovanje: staklo; sastav: na deklaraciji","57":"pakovanje: tetrapak; sastav: na deklaraciji","58":"pakovanje: plastika; sastav: na deklaraciji","59":"pelat, mocarela, \u0161ampinjoni, vrganj, masline","60":"pakovanje: limenka; sastav: na deklaraciji","61":"pelat, mocarela, gorgonzola, parmezan, dimljni sir, masline","62":"pakovanje: staklo; sastav: na deklaraciji","63":"pakovanje: staklo; sastav: na deklaraciji","64":"pakovanje: plastika; sastav: na deklaraciji","65":"pelat, mocarela, \u0161ampinjoni, masline, \u0161e\u0107erac, paprika, rukola","66":"pelat, mocarela, \u0161unka, masline","67":"Carbonara sos, mocarela, \u0161ampinjoni, pan\u010deta","68":"pelat, mocarela, pepperoni, masline","69":"Carbonara sos, mocarela, \u0161ampinjoni, pan\u010deta","70":"pelat, mocarela, pepperoni, masline","71":"pakovanje: limenka; sastav: na deklaraciji","72":"pakovanje: plastika; sastav: pomorand\u017ea, voda","73":"pakovanje: plastika; sastav: \u0161argarepa, voda","74":"pakovanje: plastika; sastav: \u0161argarepa, pomorand\u017ea, \u0111umbir, jabuka, voda","75":"pelat, mocarela, \u0161unka, masline","76":"zelena salata, tunjevina, \u010deri, susam, radi\u010d, Terijaki sos, limeta, rukola","77":"mocarela, pr\u0161uta, origano, bosiljak","78":"pakovanje: limenka; sastav: na deklaraciji","79":"mocarela, su\u0161eni paradajz, bosiljak, rukola","80":"eurokrem","81":"pakovanje: plastika; sastav: limun, nana, \u0111umbir, med, voda","82":"kinoa, tofu, matovilac, soja sos, zelena salata, orasi, paradajz, susamovo ulje, preliv od \u0161umskog vo\u0107a, ljuti malina sos, pirin\u010dano sir\u0107e","83":"paradajz, crni luk, krastavac, paprika, feta sir","84":"zelena salata, krutoni, \u010deri, suvo gro\u017e\u0111e, gorgonzola, parmezan, slatko kiseli sos, jabukovo sir\u0107e","85":"\u010doko brauni, bueno mus","86":"pakovanje: limenka; sastav: na deklaraciji","87":"omlet, mocarela, pan\u010deta, pavlaka","88":"d\u017eem od kajsija","89":"pavlaka, suvi vrat, jaje, paradajz","90":"pakovanje: plastika; sastav: pomorand\u017ea, grejpfrut, limun, voda","91":"pakovanje: limenka; sastav: na deklaraciji","92":"pakovanje: limenka; sastav: na deklaraciji","93":"bundeva, cimet, suvo gro\u017e\u0111e","94":"avokado, kinoa, brokoli, senf, zelena salata, suvo gro\u017e\u0111e, badem, preliv od \u0161umskog vo\u0107a","95":"pakovanje: plastika; sastav: grejpfrut, voda","96":"pica testo, nutela, le\u0161nici","97":"biskvit, maskarpone, preliv od jabuke i maline","98":"borovnice","99":"pakovanje: plastika; sastav: ananas, jabuka, lajm, pomorand\u017ea, voda","100":"pakovanje: limenka; sastav: na deklaraciji","101":"biskvit, maskarpone, kafa, jaja","102":"pakovanje: limenka; sastav: na deklaraciji","103":"paradajz, crni luk, krastavac, paprika, zelena salata, feta","104":"pelat, mocarela, \u0161unka, slanina, jaje, brokoli, beli luk, limun","105":"paradajz, mocarela, sve\u017e bosiljak, rukola, masline, jabukovo sir\u0107e","106":"mocarela, bolonjeze sos, parmezan, origano, crveni luk, bosiljak","107":"mocarela, suvi vrat, kulen, crni luk, jaje, kiseli krastavci, sos, zelena salata","108":"zelena salata, rukola, \u010deri, parmezan, krutoni, jabukovo sir\u0107e","109":"paradajz, crni luk, krastavac, paprika","110":"piletina, pan\u010deta, krutoni, zelena salata, paradajz, parmezan, dresing","111":"pelat, mocarela, \u0161unka, kulen, pr\u0161uta, pavlaka, \u0161ampinjoni, paradajz, rukola, jaje, masline","112":"pakovanje: plastika; sastav: na deklaraciji","113":"\u0161ljive","114":"nutela","115":"pavlaka, pe\u010durke, mocarela, suvi vrat, feta, zelena salata, paprika","116":"pelat, in\u0107un, kapar, beli luk, bosiljak"},"kolicina":{"0":19,"1":27,"2":23,"3":45,"4":105,"5":56,"6":19,"7":1,"8":21,"9":42,"10":53,"11":68,"12":87,"13":48,"14":91,"15":65,"16":50,"17":20,"18":23,"19":32,"20":16,"21":32,"22":17,"23":21,"24":87,"25":24,"26":17,"27":26,"28":11,"29":21,"30":68,"31":11,"32":28,"33":21,"34":11,"35":14,"36":10,"37":19,"38":21,"39":26,"40":59,"41":22,"42":19,"43":19,"44":29,"45":20,"46":16,"47":16,"48":34,"49":18,"50":27,"51":15,"52":13,"53":24,"54":15,"55":10,"56":14,"57":13,"58":20,"59":27,"60":34,"61":10,"62":36,"63":40,"64":41,"65":26,"66":30,"67":8,"68":13,"69":21,"70":4,"71":38,"72":18,"73":18,"74":18,"75":22,"76":12,"77":12,"78":23,"79":12,"80":14,"81":17,"82":14,"83":19,"84":13,"85":11,"86":58,"87":20,"88":20,"89":18,"90":17,"91":51,"92":34,"93":29,"94":4,"95":10,"96":10,"97":21,"98":19,"99":17,"100":44,"101":33,"102":16,"103":21,"104":30,"105":13,"106":12,"107":10,"108":19,"109":17,"110":38,"111":18,"112":20,"113":22,"114":12,"115":19,"116":10},"cena":{"0":930,"1":480,"2":930,"3":80,"4":100,"5":130,"6":100,"7":100,"8":130,"9":70,"10":60,"11":60,"12":60,"13":60,"14":120,"15":140,"16":110,"17":200,"18":65,"19":100,"20":1000,"21":760,"22":900,"23":500,"24":130,"25":540,"26":830,"27":510,"28":960,"29":85,"30":110,"31":520,"32":250,"33":760,"34":1020,"35":130,"36":1030,"37":130,"38":150,"39":170,"40":135,"41":830,"42":460,"43":400,"44":700,"45":470,"46":85,"47":980,"48":100,"49":500,"50":100,"51":65,"52":1060,"53":85,"54":130,"55":930,"56":65,"57":380,"58":130,"59":450,"60":70,"61":850,"62":65,"63":65,"64":60,"65":450,"66":780,"67":760,"68":980,"69":450,"70":800,"71":110,"72":280,"73":265,"74":330,"75":800,"76":850,"77":490,"78":150,"79":440,"80":280,"81":340,"82":820,"83":600,"84":690,"85":370,"86":170,"87":460,"88":250,"89":450,"90":345,"91":120,"92":170,"93":270,"94":890,"95":300,"96":320,"97":400,"98":280,"99":360,"100":95,"101":380,"102":150,"103":610,"104":850,"105":660,"106":460,"107":520,"108":690,"109":580,"110":720,"111":870,"112":200,"113":300,"114":300,"115":520,"116":1000}}