,naziv,vrsta,sastav,kolicina,cena
0,Funghi XL,pica,"pelat, mocarela, šampinjoni, vrganj, masline",19,930
1,Capricciosa S,pica,"pelat, mocarela, šunka, masline",27,480
2,Vegetariana XL,pica,"pelat, mocarela, šampinjoni, masline, šećerac, paprika, rukola",23,930
3,"Coca cola 0,25l",sok,pakovanje: limenka; sastav: na deklaraciji,45,80
4,"Coca cola 0,33l",sok,pakovanje: limenka; sastav: na deklaraciji,105,100
5,"Coca cola zero 0,5l",sok,pakovanje: plastika; sastav: na deklaraciji,56,130
6,"Tonic Water 0,33l",sok,pakovanje: limenka; sastav: na deklaraciji,19,100
7,"Fanta 0,33l",sok,pakovanje: limenka; sastav: na deklaraciji,1,100
8,"Fanta Tropical 0,5l",sok,pakovanje: plastika; sastav: na deklaraciji,21,130
9,"Pepsi cola 0,33l",sok,pakovanje: limenka; sastav: na deklaraciji,42,70
10,"Knjaz Miloš 0,5l",voda,pakovanje: plastika; sastav: na deklaraciji,53,60
11,"Rosa negazirana 0,5l",voda,pakovanje: plastika; sastav: na deklaraciji,68,60
12,"Rosa gazirana 0,5l",voda,pakovanje: plastika; sastav: na deklaraciji,87,60
13,"Prolom 0,5l",voda,pakovanje: plastika; sastav: na deklaraciji,48,60
14,"Jelen 0,5l",pivo,pakovanje: limenka; sastav: na deklaraciji,91,120
15,"Laško 0,5l",pivo,pakovanje: limenka; sastav: na deklaraciji,65,140
16,"Moja kravica 0,2l",jogurt,pakovanje: tetrapak; sastav: na deklaraciji,50,110
17,"Coca cola 1,5l",sok,pakovanje: plastika; sastav: na deklaraciji,20,200
18,"Next jabuka 0,2l",sok,pakovanje: staklo; sastav: na deklaraciji,23,65
19,"Sprite 0,33l",sok,pakovanje: limenka; sastav: na deklaraciji,32,100
20,Serbiana XL,pica,"pelat, mocarela, pančeta, kulen, šampinjoni, pavlaka, ljute papričice",16,1000
21,Vegetariana L,pica,"pelat, mocarela, šampinjoni, masline, šećerac, paprika, rukola",32,760
22,Margarita XL,pica,"pelat, mocarela, masline",17,900
23,Serbiana S,pica,"pelat, mocarela, pančeta, kulen, šampinjoni, pavlaka, ljute papričice",21,500
24,"Coca cola 0,5l",sok,pakovanje: plastika; sastav: na deklaraciji,87,130
25,Quatro Stagione S,pica,"pelat, mocarela, šunka, kulen, pršuta, pavlaka, šampinjoni, paradajz, rukola, jaje, masline",24,540
26,Marinara L,pica,"pelat, inćun, kapar, beli luk, bosiljak",17,830
27,Monty Python S,pica,"pelat, mocarela, šunka, slanina, jaje, brokoli, beli luk, limun",26,510
28,Vesuvio XL,pica,"pelat, mocarela, šunka, masline",11,960
29,"Pepsi cola zero 0,5l",sok,pakovanje: plastika; sastav: na deklaraciji,21,85
30,"Lav 0,5l",pivo,pakovanje: limenka; sastav: na deklaraciji,68,110
31,Quatro Formaggi S,pica,"pelat, mocarela, gorgonzola, parmezan, dimljni sir, masline",11,520
32,Coca cola 2l,sok,pakovanje: plastika; sastav: na deklaraciji,28,250
33,Funghi L,pica,"pelat, mocarela, šampinjoni, vrganj, masline",21,760
34,Monty Python XL,pica,"pelat, mocarela, šunka, slanina, jaje, brokoli, beli luk, limun",11,1020
35,"Sprite 0,5l",sok,pakovanje: plastika; sastav: na deklaraciji,14,130
36,Quatro Formaggi XL,pica,"pelat, mocarela, gorgonzola, parmezan, dimljni sir, masline",10,1030
37,"Fanta 0,5l",sok,pakovanje: plastika; sastav: na deklaraciji,19,130
38,Pepsi cola 1l,sok,pakovanje: plastika; sastav: na deklaraciji,21,150
39,Coca cola 1l,sok,pakovanje: plastika; sastav: na deklaraciji,26,170
40,"Nikšićko 0,5l",pivo,pakovanje: limenka; sastav: na deklaraciji,59,135
41,Serbiana L,pica,"pelat, mocarela, pančeta, kulen, šampinjoni, pavlaka, ljute papričice",22,830
42,Vesuvio S,pica,"pelat, mocarela, šunka, masline",19,460
43,Margarita S,pica,"pelat, mocarela, masline",19,400
44,Margarita L,pica,"pelat, mocarela, masline",29,700
45,Pepperoni S,pica,"pelat, mocarela, pepperoni, masline",20,470
46,"Pepsi cola lime 0,5l",sok,pakovanje: plastika; sastav: na deklaraciji,16,85
47,Capricciosa XL,pica,"pelat, mocarela, šunka, masline",16,980
48,"Coca cola zero 0,33l",sok,pakovanje: limenka; sastav: na deklaraciji,34,100
49,Marinara S,pica,"pelat, inćun, kapar, beli luk, bosiljak",18,500
50,"Bitter Lemon 0,33l",sok,pakovanje: limenka; sastav: na deklaraciji,27,100
51,"Next šumsko voće 0,2l",sok,pakovanje: staklo; sastav: na deklaraciji,15,65
52,Quatro Stagione XL,pica,"pelat, mocarela, šunka, kulen, pršuta, pavlaka, šampinjoni, paradajz, rukola, jaje, masline",13,1060
53,"Pepsi cola 0,5l",sok,pakovanje: plastika; sastav: na deklaraciji,24,85
54,"Fanta Shokata 0,5l",sok,pakovanje: plastika; sastav: na deklaraciji,15,130
55,Carbonara XL,pica,"Carbonara sos, mocarela, šampinjoni, pančeta",10,930
56,"Next jagoda 0,2l",sok,pakovanje: staklo; sastav: na deklaraciji,14,65
57,Moja kravica 1l,jogurt,pakovanje: tetrapak; sastav: na deklaraciji,13,380
58,"Bitter Lenom 0,5l",sok,pakovanje: plastika; sastav: na deklaraciji,20,130
59,Funghi S,pica,"pelat, mocarela, šampinjoni, vrganj, masline",27,450
60,"Pepsi cola zero 0,33l",sok,pakovanje: limenka; sastav: na deklaraciji,34,70
61,Quatro Formaggi L,pica,"pelat, mocarela, gorgonzola, parmezan, dimljni sir, masline",10,850
62,"Next pomorandža 0,2l",sok,pakovanje: staklo; sastav: na deklaraciji,36,65
63,"Next breskva 0,2l",sok,pakovanje: staklo; sastav: na deklaraciji,40,65
64,"Aqua Viva 0,5l",voda,pakovanje: plastika; sastav: na deklaraciji,41,60
65,Vegetariana S,pica,"pelat, mocarela, šampinjoni, masline, šećerac, paprika, rukola",26,450
66,Vesuvio L,pica,"pelat, mocarela, šunka, masline",30,780
67,Carbonara L,pica,"Carbonara sos, mocarela, šampinjoni, pančeta",8,760
68,Pepperoni XL,pica,"pelat, mocarela, pepperoni, masline",13,980
69,Carbonara S,pica,"Carbonara sos, mocarela, šampinjoni, pančeta",21,450
70,Pepperoni L,pica,"pelat, mocarela, pepperoni, masline",4,800
71,"Heineken 0,33l",pivo,pakovanje: limenka; sastav: na deklaraciji,38,110
72,"Pomorandža 0,2l",ceđeno voće,"pakovanje: plastika; sastav: pomorandža, voda",18,280
73,"Šargarepa 0,2l",ceđeno voće,"pakovanje: plastika; sastav: šargarepa, voda",18,265
74,"Sunset mix 0,3l",ceđeno voće,"pakovanje: plastika; sastav: šargarepa, pomorandža, đumbir, jabuka, voda",18,330
75,Capricciosa L,pica,"pelat, mocarela, šunka, masline",22,800
76,Tuna salata,salata,"zelena salata, tunjevina, čeri, susam, radič, Terijaki sos, limeta, rukola",12,850
77,Panino sendvič,sendvič,"mocarela, pršuta, origano, bosiljak",12,490
78,"Stella Arotois 0,5l",pivo,pakovanje: limenka; sastav: na deklaraciji,23,150
79,Caprese sendvič,sendvič,"mocarela, sušeni paradajz, bosiljak, rukola",12,440
80,Palačinke s eurokremom,desert,eurokrem,14,280
81,"Mint mix 0,3l",ceđeno voće,"pakovanje: plastika; sastav: limun, nana, đumbir, med, voda",17,340
82,Tofu salata,salata,"kinoa, tofu, matovilac, soja sos, zelena salata, orasi, paradajz, susamovo ulje, preliv od šumskog voća, ljuti malina sos, pirinčano sirće",14,820
83,Šopska salata,salata,"paradajz, crni luk, krastavac, paprika, feta sir",19,600
84,Slatko kisela salata,salata,"zelena salata, krutoni, čeri, suvo grožđe, gorgonzola, parmezan, slatko kiseli sos, jabukovo sirće",13,690
85,Kinder bueno,desert,"čoko brauni, bueno mus",11,370
86,"Heineken 0,5l",pivo,pakovanje: limenka; sastav: na deklaraciji,58,170
87,Omlet sendvič,sendvič,"omlet, mocarela, pančeta, pavlaka",20,460
88,Palačinke s džemom,desert,džem od kajsija,20,250
89,Šumadijski sendvič,sendvič,"pavlaka, suvi vrat, jaje, paradajz",18,450
90,"Tropical mix 0,3l",ceđeno voće,"pakovanje: plastika; sastav: pomorandža, grejpfrut, limun, voda",17,345
91,"Zaječarsko 0,5l",pivo,pakovanje: limenka; sastav: na deklaraciji,51,120
92,"Tuborg 0,5l",pivo,pakovanje: limenka; sastav: na deklaraciji,34,170
93,Bundevara,desert,"bundeva, cimet, suvo grožđe",29,270
94,Avokado salata,salata,"avokado, kinoa, brokoli, senf, zelena salata, suvo grožđe, badem, preliv od šumskog voća",4,890
95,"Grejpfrut 0,2l",ceđeno voće,"pakovanje: plastika; sastav: grejpfrut, voda",10,300
96,Nocciolatta,desert,"pica testo, nutela, lešnici",10,320
97,Cheese cake,desert,"biskvit, maskarpone, preliv od jabuke i maline",21,400
98,Pita od borovnice,desert,borovnice,19,280
99,"Lajm mix 0,2l",ceđeno voće,"pakovanje: plastika; sastav: ananas, jabuka, lajm, pomorandža, voda",17,360
100,"Jelen 0,33l",pivo,pakovanje: limenka; sastav: na deklaraciji,44,95
101,Tiramisu,desert,"biskvit, maskarpone, kafa, jaja",33,380
102,"Amstel 0,5l",pivo,pakovanje: limenka; sastav: na deklaraciji,16,150
103,Grčka salata,salata,"paradajz, crni luk, krastavac, paprika, zelena salata, feta",21,610
104,Monty Python L,pica,"pelat, mocarela, šunka, slanina, jaje, brokoli, beli luk, limun",30,850
105,Caprese salata,salata,"paradajz, mocarela, svež bosiljak, rukola, masline, jabukovo sirće",13,660
106,Bolognese sendvič,sendvič,"mocarela, bolonjeze sos, parmezan, origano, crveni luk, bosiljak",12,460
107,Ekskalibur sendvič,sendvič,"mocarela, suvi vrat, kulen, crni luk, jaje, kiseli krastavci, sos, zelena salata",10,520
108,Rukola salata,salata,"zelena salata, rukola, čeri, parmezan, krutoni, jabukovo sirće",19,690
109,Srpska salata,salata,"paradajz, crni luk, krastavac, paprika",17,580
110,Cezar salata,salata,"piletina, pančeta, krutoni, zelena salata, paradajz, parmezan, dresing",38,720
111,Quatro Stagione L,pica,"pelat, mocarela, šunka, kulen, pršuta, pavlaka, šampinjoni, paradajz, rukola, jaje, masline",18,870
112,"Coca cola zero 1,5l",sok,pakovanje: plastika; sastav: na deklaraciji,20,200
113,Knedle sa šljivama,desert,šljive,22,300
114,Palačinke s nutelom,desert,nutela,12,300
115,Everest sendvič,sendvič,"pavlaka, pečurke, mocarela, suvi vrat, feta, zelena salata, paprika",19,520
116,Marinara XL,pica,"pelat, inćun, kapar, beli luk, bosiljak",10,1000
