,sifra,adresa,telefon,placanje,status,ukupno
0,6862800833,Vojvode Stepe 97,0657822155,Kartica,Kreirana,5590
1,8470990455,Kruševačka 28,0645214822,Online,Kreirana,5510
2,2630521327,Ustanička 65,0638224533,Kartica,Kreirana,4260
3,5999336017,Rimska 10,0114443326,Online,Kreirana,6220
4,0250370058,Strumička 13,0652258876,Gotovina,Kreirana,4590
5,9871139698,Zaplanjska 103,0658585222,Kartica,Kreirana,3370
6,0054043103,Južni Bulevar 63,0652723774,Kartica,Poslata,3365
7,0401831267,Vidska 18,0624458785,Gotovina,Isporučena,2700
8,0647857566,Kumodraška 95,0652368255,Kartica,U pripremi,3475
9,1731135738,Tabanovačka 18,0642122147,Kartica,Isporučena,4310
10,2224547170,Kralja Vladimira 48,0647721689,Gotovina,U pripremi,7465
11,2704686105,Miška Jovanovića 23,0637258234,Gotovina,U pripremi,5705
12,2828340720,Vitanovačka 15,063244588,Gotovina,Isporučena,9425
13,4062128609,Gospodara Vučića 113,0652452147,Gotovina,Isporučena,4410
14,4149432448,Vojislava Ilića 185,0657522159,Gotovina,Poslata,3515
15,4168045677,Triše Kaclerovića 33,0648512335,Kartica,Kreirana,5190
16,5110999374,Vojislava Ilića 113,0647721325,Online,Isporučena,7085
17,5756328353,Gostivarska 18,0118233448,Gotovina,Poslata,8590
18,6121369518,Ustanička 218/32,0114884369,Gotovina,U pripremi,930
19,6212826522,Ljermontovljeva 7/13,0652254885,Gotovina,Isporučena,3915
20,6380430298,Mlade Bosne 22,0605238489,Gotovina,Isporučena,4220
21,6614353319,Vladimira Tomanovića 18,0635458741,Gotovina,U pripremi,4650
22,7212292079,Borisavljevićeva 17,0112574823,Kartica,Poslata,3370
23,7771244254,Strumička 53,0115742324,Online,Isporučena,10190
24,8684499892,Maksima Gorkog 20,0652578899,Kartica,Poslata,6760
25,8839290316,Rada Neimara 21,0642546588,Gotovina,Isporučena,1830
26,9187085088,Ozrenska 14,0115811577,Gotovina,Poslata,5450
27,9354778379,Grčića MIlenka 52,0622133157,Gotovina,Isporučena,3395
28,9525795830,Danijelova 4,0624456883,Kartica,Isporučena,3665
29,9848948241,Admirala Vukovića 17,0606889562,Online,U pripremi,5800
