,broj stavke,sifra,stavka,komada
0,1,6121369518,Capricciosa L,1
1,2,6121369518,"Coca cola 0,5l",1
2,3,4149432448,Margarita S,1
3,4,4149432448,Pepperoni L,1
4,5,4149432448,Vesuvio L,1
5,6,4149432448,Cheese cake,1
6,7,4149432448,Palačinke s nutelom,3
7,8,4149432448,"Pepsi cola 0,5l",1
8,9,4149432448,"Stella Arotois 0,5l",1
9,10,4062128609,Vegetariana L,2
10,11,4062128609,Avokado salata,1
11,12,4062128609,Tofu salata,1
12,13,4062128609,Bundevara,2
13,14,4062128609,"Mint mix 0,3l",1
14,15,4062128609,"Grejpfrut 0,2l",1
15,16,9354778379,Margarita XL,1
16,17,9354778379,Pepperoni S,1
17,18,9354778379,Srpska salata,1
18,19,9354778379,Slatko kisela salata,1
19,20,9354778379,Pita od borovnice,2
20,21,9354778379,"Coca cola 0,5l",1
21,22,9354778379,"Next šumsko voće 0,2l",1
22,23,6862800833,Pepperoni S,1
23,24,6862800833,Monty Python L,1
24,25,6862800833,Serbiana S,1
25,26,6862800833,Šopska salata,2
26,27,6862800833,Rukola salata,1
27,28,6862800833,Knedle sa šljivama,5
28,29,6862800833,Moja kravica 1l,1
29,30,0647857566,Monty Python S,1
30,31,0647857566,Margarita L,1
31,32,0647857566,Grčka salata,1
32,33,0647857566,Tuna salata,1
33,34,0647857566,Nocciolatta,2
34,35,0647857566,"Next jabuka 0,2l",1
35,36,0647857566,"Sprite 0,33l",1
36,37,7212292079,Bolognese sendvič,1
37,38,7212292079,Panino sendvič,1
38,39,7212292079,Šumadijski sendvič,2
39,40,7212292079,Cheese cake,1
40,41,7212292079,Palačinke s eurokremom,4
41,42,9848948241,Funghi L,1
42,43,9848948241,Monty Python L,1
43,44,9848948241,Quatro Formaggi XL,1
44,45,9848948241,Slatko kisela salata,3
45,46,9848948241,Palačinke s eurokremom,3
46,47,9848948241,Coca cola 2l,1
47,48,8470990455,Marinara S,1
48,49,8470990455,Ekskalibur sendvič,2
49,50,8470990455,Pepperoni L,1
50,51,8470990455,Srpska salata,2
51,52,8470990455,Grčka salata,1
52,53,8470990455,Tiramisu,1
53,54,8470990455,Kinder bueno,2
54,55,8470990455,"Next jabuka 0,2l",1
55,56,8470990455,"Pepsi cola zero 0,5l",1
56,57,8470990455,"Sprite 0,5l",1
57,58,2828340720,Carbonara XL,1
58,59,2828340720,Monty Python XL,1
59,60,2828340720,Serbiana L,1
60,61,2828340720,Marinara L,1
61,62,2828340720,Tuna salata,1
62,63,2828340720,Srpska salata,2
63,64,2828340720,Grčka salata,1
64,65,2828340720,Knedle sa šljivama,5
65,66,2828340720,Cheese cake,1
66,67,2828340720,Palačinke s eurokremom,2
67,68,2828340720,"Nikšićko 0,5l",1
68,69,2828340720,"Zaječarsko 0,5l",2
69,70,2828340720,"Lajm mix 0,2l",1
70,71,2630521327,Serbiana L,2
71,72,2630521327,Pepperoni S,1
72,73,2630521327,Caprese salata,1
73,74,2630521327,Šopska salata,2
74,75,2630521327,"Next pomorandža 0,2l",1
75,76,2630521327,"Jelen 0,33l",1
76,77,2630521327,"Lav 0,5l",1
77,78,2224547170,Vesuvio S,1
78,79,2224547170,Quatro Stagione L,1
79,80,2224547170,Margarita L,1
80,81,2224547170,Omlet sendvič,1
81,82,2224547170,Šopska salata,2
82,83,2224547170,Caprese salata,1
83,84,2224547170,Slatko kisela salata,1
84,85,2224547170,Palačinke s eurokremom,4
85,86,2224547170,Palačinke s nutelom,2
86,87,2224547170,"Pepsi cola 0,5l",1
87,88,2224547170,"Heineken 0,5l",1
88,89,2224547170,"Grejpfrut 0,2l",1
89,90,2224547170,"Amstel 0,5l",1
90,91,8839290316,Serbiana XL,1
91,92,8839290316,Marinara L,1
92,93,5999336017,Funghi L,1
93,94,5999336017,Quatro Formaggi S,1
94,95,5999336017,Ekskalibur sendvič,2
95,96,5999336017,Šopska salata,2
96,97,5999336017,Grčka salata,1
97,98,5999336017,Slatko kisela salata,1
98,99,5999336017,Palačinke s džemom,3
99,100,5999336017,Tiramisu,1
100,101,5999336017,"Next šumsko voće 0,2l",1
101,102,5999336017,"Jelen 0,33l",1
102,103,5999336017,"Moja kravica 0,2l",1
103,104,0401831267,Funghi L,1
104,105,0401831267,Marinara S,1
105,106,0401831267,Grčka salata,1
106,107,0401831267,Šopska salata,1
107,108,0401831267,"Fanta 0,5l",1
108,109,0401831267,"Coca cola zero 0,33l",1
109,110,4168045677,Marinara S,1
110,111,4168045677,Monty Python L,1
111,112,4168045677,Quatro Formaggi S,1
112,113,4168045677,Šopska salata,1
113,114,4168045677,Caprese salata,1
114,115,4168045677,Slatko kisela salata,1
115,116,4168045677,Pita od borovnice,4
116,117,4168045677,Coca cola 2l,1
117,118,7771244254,Monty Python XL,1
118,119,7771244254,Pepperoni L,1
119,120,7771244254,Quatro Stagione L,2
120,121,7771244254,Vesuvio L,1
121,122,7771244254,Šopska salata,1
122,123,7771244254,Srpska salata,2
123,124,7771244254,Rukola salata,2
124,125,7771244254,Nocciolatta,1
125,126,7771244254,Palačinke s nutelom,4
126,127,7771244254,Palačinke s džemom,3
127,128,7771244254,"Sprite 0,33l",1
128,129,7771244254,"Lav 0,5l",2
129,130,7771244254,"Zaječarsko 0,5l",1
130,131,0250370058,Vegetariana S,1
131,132,0250370058,Quatro Formaggi L,1
132,133,0250370058,Šumadijski sendvič,2
133,134,0250370058,Grčka salata,1
134,135,0250370058,Tofu salata,1
135,136,0250370058,Caprese salata,1
136,137,0250370058,"Bitter Lemon 0,33l",1
137,138,0250370058,"Fanta 0,5l",1
138,139,0250370058,"Pepsi cola zero 0,33l",1
139,140,1731135738,Quatro Formaggi L,1
140,141,1731135738,Monty Python L,1
141,142,1731135738,Funghi L,1
142,143,1731135738,Pita od borovnice,6
143,144,1731135738,Coca cola 1l,1
144,145,6212826522,Bolognese sendvič,1
145,146,6212826522,Ekskalibur sendvič,1
146,147,6212826522,Šumadijski sendvič,2
147,148,6212826522,Cezar salata,1
148,149,6212826522,Srpska salata,1
149,150,6212826522,Bundevara,2
150,151,6212826522,"Next jagoda 0,2l",1
151,152,6212826522,"Fanta Shokata 0,5l",1
152,153,9871139698,Carbonara L,1
153,154,9871139698,Pepperoni XL,1
154,155,9871139698,Srpska salata,1
155,156,9871139698,Palačinke s nutelom,3
156,157,9871139698,Pepsi cola 1l,1
157,158,9187085088,Pepperoni XL,1
158,159,9187085088,Marinara XL,1
159,160,9187085088,Funghi S,1
160,161,9187085088,Šopska salata,1
161,162,9187085088,Srpska salata,1
162,163,9187085088,Rukola salata,1
163,164,9187085088,Kinder bueno,1
164,165,9187085088,Palačinke s džemom,2
165,166,9187085088,"Fanta 0,5l",1
166,167,9187085088,"Next šumsko voće 0,2l",1
167,168,9187085088,"Pepsi cola lime 0,5l",1
168,169,6380430298,Quatro Formaggi S,1
169,170,6380430298,Everest sendvič,1
170,171,6380430298,Šumadijski sendvič,1
171,172,6380430298,Šopska salata,1
172,173,6380430298,Grčka salata,1
173,174,6380430298,Bundevara,5
174,175,6380430298,Coca cola 1l,1
175,176,8684499892,Capricciosa XL,1
176,177,8684499892,Funghi L,1
177,178,8684499892,Marinara XL,1
178,179,8684499892,Slatko kisela salata,3
179,180,8684499892,Palačinke s eurokremom,6
180,181,8684499892,"Fanta 0,5l",1
181,182,8684499892,"Pepsi cola zero 0,33l",2
182,183,5110999374,Pepperoni L,1
183,184,5110999374,Monty Python L,1
184,185,5110999374,Bolognese sendvič,2
185,186,5110999374,Ekskalibur sendvič,2
186,187,5110999374,Rukola salata,1
187,188,5110999374,Cezar salata,1
188,189,5110999374,Tuna salata,2
189,190,5110999374,"Fanta 0,5l",1
190,191,5110999374,"Next jagoda 0,2l",1
191,192,5110999374,"Pepsi cola 0,5l",2
192,193,2704686105,Pepperoni L,1
193,194,2704686105,Margarita S,2
194,195,2704686105,Tuna salata,1
195,196,2704686105,Šopska salata,2
196,197,2704686105,Knedle sa šljivama,6
197,198,2704686105,"Bitter Lenom 0,5l",1
198,199,2704686105,"Next breskva 0,2l",1
199,200,2704686105,"Aqua Viva 0,5l",1
200,201,9525795830,Vegetariana S,1
201,202,9525795830,Vesuvio S,1
202,203,9525795830,Avokado salata,1
203,204,9525795830,Grčka salata,1
204,205,9525795830,Kinder bueno,2
205,206,9525795830,"Tropical mix 0,3l",1
206,207,9525795830,"Tuborg 0,5l",1
207,208,0054043103,Margarita S,1
208,209,0054043103,Funghi L,1
209,210,0054043103,Slatko kisela salata,1
210,211,0054043103,Šopska salata,1
211,212,0054043103,Nocciolatta,1
212,213,0054043103,Tiramisu,1
213,214,0054043103,"Next pomorandža 0,2l",1
214,215,0054043103,"Amstel 0,5l",1
215,216,5756328353,Quatro Stagione S,1
216,217,5756328353,Vesuvio L,1
217,218,5756328353,Monty Python XL,1
218,219,5756328353,Carbonara XL,1
219,220,5756328353,Grčka salata,1
220,221,5756328353,Caprese salata,1
221,222,5756328353,Srpska salata,2
222,223,5756328353,Knedle sa šljivama,4
223,224,5756328353,Palačinke s nutelom,2
224,225,5756328353,Palačinke s eurokremom,2
225,226,5756328353,Pepsi cola 1l,1
226,227,5756328353,Moja kravica 1l,1
227,228,6614353319,Marinara L,1
228,229,6614353319,Everest sendvič,1
229,230,6614353319,Panino sendvič,2
230,231,6614353319,Caprese sendvič,1
231,232,6614353319,Palačinke s eurokremom,6
232,233,6614353319,"Coca cola 1,5l",1
